timestamp,Open,High,Low,Close,Volume,trade_count,vwap
2024-03-26 09:30:00-04:00,521.23,521.26,520.92,521.01,342898,,
2024-03-26 09:31:00-04:00,521.03,521.11,520.88,521.07,186082,,
2024-03-26 09:32:00-04:00,521.05,521.32,521.04,521.22,144430,,
2024-03-26 09:33:00-04:00,521.23,521.36,521.15,521.2896,120104,,
2024-03-26 09:34:00-04:00,521.3,521.44,521.27,521.36,95387,,
2024-03-26 09:35:00-04:00,521.35,521.43,521.1,521.1297,150717,,
2024-03-26 09:36:00-04:00,521.13,521.2,521.09,521.12,85499,,
2024-03-26 09:37:00-04:00,521.12,521.26,521.1,521.25,58974,,
2024-03-26 09:38:00-04:00,521.2399,521.2399,520.97,521.02,159260,,
2024-03-26 09:39:00-04:00,521.0196,521.15,521.0,521.09,96552,,
2024-03-26 09:40:00-04:00,521.09,521.17,520.99,521.02,109338,,
2024-03-26 09:41:00-04:00,521.01,521.06,520.85,520.8522,135336,,
2024-03-26 09:42:00-04:00,520.86,520.97,520.84,520.895,147678,,
2024-03-26 09:43:00-04:00,520.895,521.085,520.83,521.085,1135844,,
2024-03-26 09:44:00-04:00,521.08,521.2084,521.05,521.155,169200,,
2024-03-26 09:45:00-04:00,521.165,521.28,521.066,521.066,114550,,
2024-03-26 09:46:00-04:00,521.07,521.23,521.07,521.11,66036,,
2024-03-26 09:47:00-04:00,521.1,521.18,521.07,521.09,114040,,
2024-03-26 09:48:00-04:00,521.095,521.175,521.07,521.17,67113,,
2024-03-26 09:49:00-04:00,521.16,521.2099,521.106,521.19,49709,,
2024-03-26 09:50:00-04:00,521.19,521.25,521.14,521.215,65501,,
2024-03-26 09:51:00-04:00,521.225,521.225,521.05,521.08,66797,,
2024-03-26 09:52:00-04:00,521.0776,521.2,521.065,521.12,62975,,
2024-03-26 09:53:00-04:00,521.13,521.155,521.005,521.0069,57340,,
2024-03-26 09:54:00-04:00,521.01,521.01,520.89,520.955,98023,,
2024-03-26 09:55:00-04:00,520.95,521.055,520.92,521.04,99971,,
2024-03-26 09:56:00-04:00,521.035,521.1674,521.01,521.145,77001,,
2024-03-26 09:57:00-04:00,521.145,521.205,521.11,521.125,40838,,
2024-03-26 09:58:00-04:00,521.125,521.175,521.11,521.14,139196,,
2024-03-26 09:59:00-04:00,521.16,521.27,521.16,521.25,89254,,
2024-03-26 10:00:00-04:00,521.25,521.38,521.18,521.35,188916,,
2024-03-26 10:01:00-04:00,521.36,521.38,521.25,521.2801,101208,,
2024-03-26 10:02:00-04:00,521.285,521.325,521.2,521.29,69173,,
2024-03-26 10:03:00-04:00,521.3,521.315,521.1887,521.25,66193,,
2024-03-26 10:04:00-04:00,521.25,521.38,521.25,521.33,79253,,
2024-03-26 10:05:00-04:00,521.32,521.38,521.3,521.31,83007,,
2024-03-26 10:06:00-04:00,521.3287,521.35,521.26,521.3,54238,,
2024-03-26 10:07:00-04:00,521.31,521.44,521.285,521.43,132666,,
2024-03-26 10:08:00-04:00,521.43,521.495,521.33,521.38,90138,,
2024-03-26 10:09:00-04:00,521.355,521.36,521.29,521.3,76364,,
2024-03-26 10:10:00-04:00,521.29,521.37,521.12,521.14,88518,,
2024-03-26 10:11:00-04:00,521.14,521.175,520.93,521.175,203520,,
2024-03-26 10:12:00-04:00,521.18,521.36,521.1637,521.29,122954,,
2024-03-26 10:13:00-04:00,521.31,521.34,521.22,521.3001,63689,,
2024-03-26 10:14:00-04:00,521.3199,521.38,521.28,521.33,68387,,
2024-03-26 10:15:00-04:00,521.34,521.395,521.23,521.275,101962,,
2024-03-26 10:16:00-04:00,521.27,521.39,521.27,521.32,63041,,
2024-03-26 10:17:00-04:00,521.33,521.44,521.29,521.38,89547,,
2024-03-26 10:18:00-04:00,521.38,521.58,521.37,521.48,151792,,
2024-03-26 10:19:00-04:00,521.47,521.47,521.4,521.425,92254,,
2024-03-26 10:20:00-04:00,521.43,521.4799,521.38,521.415,50644,,
2024-03-26 10:21:00-04:00,521.415,521.425,521.2901,521.36,74968,,
2024-03-26 10:22:00-04:00,521.35,521.36,521.27,521.35,69237,,
2024-03-26 10:23:00-04:00,521.35,521.41,521.31,521.375,85431,,
2024-03-26 10:24:00-04:00,521.38,521.44,521.35,521.43,79055,,
2024-03-26 10:25:00-04:00,521.4397,521.4401,521.27,521.3,93383,,
2024-03-26 10:26:00-04:00,521.3,521.3876,521.28,521.34,75316,,
2024-03-26 10:27:00-04:00,521.34,521.355,521.13,521.2,76743,,
2024-03-26 10:28:00-04:00,521.2,521.2703,521.165,521.19,82535,,
2024-03-26 10:29:00-04:00,521.19,521.2312,520.965,521.07,205315,,
2024-03-26 10:30:00-04:00,521.07,521.08,520.85,520.99,265030,,
2024-03-26 10:31:00-04:00,520.98,520.98,520.65,520.7824,205156,,
2024-03-26 10:32:00-04:00,520.78,520.95,520.76,520.9,143596,,
2024-03-26 10:33:00-04:00,520.89,520.92,520.83,520.885,66823,,
2024-03-26 10:34:00-04:00,520.9,521.02,520.89,520.99,98181,,
2024-03-26 10:35:00-04:00,520.99,520.99,520.89,520.98,94090,,
2024-03-26 10:36:00-04:00,520.99,521.03,520.805,520.8799,118881,,
2024-03-26 10:37:00-04:00,520.88,521.075,520.87,521.03,78916,,
2024-03-26 10:38:00-04:00,521.04,521.1501,521.04,521.075,105917,,
2024-03-26 10:39:00-04:00,521.07,521.105,521.02,521.105,36380,,
2024-03-26 10:40:00-04:00,521.105,521.2,520.96,520.985,155917,,
2024-03-26 10:41:00-04:00,520.9881,521.095,520.93,521.06,97300,,
2024-03-26 10:42:00-04:00,521.06,521.0778,520.915,521.06,88794,,
2024-03-26 10:43:00-04:00,521.07,521.2,521.07,521.175,73699,,
2024-03-26 10:44:00-04:00,521.175,521.18,521.08,521.1,65615,,
2024-03-26 10:45:00-04:00,521.12,521.1666,520.99,521.01,62508,,
2024-03-26 10:46:00-04:00,521.015,521.085,521.01,521.0593,40140,,
2024-03-26 10:47:00-04:00,521.06,521.1599,521.06,521.14,65665,,
2024-03-26 10:48:00-04:00,521.15,521.15,520.85,520.9599,170080,,
2024-03-26 10:49:00-04:00,520.9576,521.02,520.93,520.955,57013,,
2024-03-26 10:50:00-04:00,520.96,521.08,520.96,521.01,64659,,
2024-03-26 10:51:00-04:00,521.02,521.12,521.01,521.09,61163,,
2024-03-26 10:52:00-04:00,521.08,521.16,521.08,521.08,34636,,
2024-03-26 10:53:00-04:00,521.07,521.17,521.05,521.13,50224,,
2024-03-26 10:54:00-04:00,521.14,521.18,521.12,521.17,55434,,
2024-03-26 10:55:00-04:00,521.175,521.3077,521.155,521.215,107103,,
2024-03-26 10:56:00-04:00,521.21,521.24,521.1382,521.1799,80486,,
2024-03-26 10:57:00-04:00,521.17,521.25,521.145,521.24,41072,,
2024-03-26 10:58:00-04:00,521.24,521.305,521.23,521.28,54954,,
2024-03-26 10:59:00-04:00,521.28,521.37,521.255,521.3,71601,,
2024-03-26 11:00:00-04:00,521.29,521.39,521.29,521.34,98129,,
2024-03-26 11:01:00-04:00,521.34,521.36,521.275,521.3136,56284,,
2024-03-26 11:02:00-04:00,521.31,521.38,521.28,521.29,68276,,
2024-03-26 11:03:00-04:00,521.29,521.3,521.19,521.25,58278,,
2024-03-26 11:04:00-04:00,521.26,521.2799,521.15,521.2,63412,,
2024-03-26 11:05:00-04:00,521.2097,521.25,521.1789,521.2197,50507,,
2024-03-26 11:06:00-04:00,521.22,521.29,521.2163,521.23,54953,,
2024-03-26 11:07:00-04:00,521.235,521.27,521.19,521.1999,27469,,
2024-03-26 11:08:00-04:00,521.2,521.2701,521.1925,521.21,28014,,
2024-03-26 11:09:00-04:00,521.21,521.29,521.17,521.26,56986,,
2024-03-26 11:10:00-04:00,521.27,521.325,521.2201,521.32,79702,,
2024-03-26 11:11:00-04:00,521.33,521.33,521.27,521.2701,45152,,
2024-03-26 11:12:00-04:00,521.27,521.28,521.16,521.19,28181,,
2024-03-26 11:13:00-04:00,521.21,521.22,521.15,521.2,36350,,
2024-03-26 11:14:00-04:00,521.2,521.245,521.185,521.215,29057,,
2024-03-26 11:15:00-04:00,521.21,521.2501,521.165,521.19,41495,,
2024-03-26 11:16:00-04:00,521.18,521.2269,521.165,521.18,29810,,
2024-03-26 11:17:00-04:00,521.16,521.2399,521.15,521.21,37635,,
2024-03-26 11:18:00-04:00,521.21,521.31,521.18,521.29,47910,,
2024-03-26 11:19:00-04:00,521.29,521.295,521.2,521.21,32352,,
2024-03-26 11:20:00-04:00,521.21,521.22,521.11,521.1801,40412,,
2024-03-26 11:21:00-04:00,521.18,521.305,521.155,521.285,53107,,
2024-03-26 11:22:00-04:00,521.285,521.33,521.26,521.3,54093,,
2024-03-26 11:23:00-04:00,521.3,521.39,521.29,521.32,65032,,
2024-03-26 11:24:00-04:00,521.32,521.34,521.26,521.28,62634,,
2024-03-26 11:25:00-04:00,521.29,521.39,521.29,521.3775,57010,,
2024-03-26 11:26:00-04:00,521.3732,521.38,521.3199,521.35,128583,,
2024-03-26 11:27:00-04:00,521.35,521.38,521.32,521.33,50479,,
2024-03-26 11:28:00-04:00,521.34,521.35,521.3,521.35,41762,,
2024-03-26 11:29:00-04:00,521.345,521.345,521.25,521.28,25546,,
2024-03-26 11:30:00-04:00,521.275,521.3,521.1943,521.2999,76057,,
2024-03-26 11:31:00-04:00,521.29,521.3099,521.17,521.19,35371,,
2024-03-26 11:32:00-04:00,521.2,521.2576,521.181,521.24,43725,,
2024-03-26 11:33:00-04:00,521.2483,521.34,521.23,521.285,28922,,
2024-03-26 11:34:00-04:00,521.29,521.3,521.23,521.25,20289,,
2024-03-26 11:35:00-04:00,521.26,521.2863,521.18,521.26,50031,,
2024-03-26 11:36:00-04:00,521.27,521.285,521.19,521.23,64657,,
2024-03-26 11:37:00-04:00,521.23,521.255,521.21,521.22,45367,,
2024-03-26 11:38:00-04:00,521.225,521.2287,521.08,521.13,60114,,
2024-03-26 11:39:00-04:00,521.1296,521.185,521.084,521.185,55834,,
2024-03-26 11:40:00-04:00,521.18,521.19,521.0699,521.0999,33239,,
2024-03-26 11:41:00-04:00,521.095,521.235,521.09,521.23,45779,,
2024-03-26 11:42:00-04:00,521.23,521.25,521.1899,521.21,43116,,
2024-03-26 11:43:00-04:00,521.215,521.215,521.11,521.15,30920,,
2024-03-26 11:44:00-04:00,521.15,521.22,521.14,521.19,31739,,
2024-03-26 11:45:00-04:00,521.185,521.19,521.13,521.18,63048,,
2024-03-26 11:46:00-04:00,521.18,521.19,521.14,521.14,21223,,
2024-03-26 11:47:00-04:00,521.135,521.165,521.085,521.125,31453,,
2024-03-26 11:48:00-04:00,521.12,521.1851,521.1197,521.18,30365,,
2024-03-26 11:49:00-04:00,521.175,521.185,521.09,521.11,36036,,
2024-03-26 11:50:00-04:00,521.11,521.28,521.11,521.28,60770,,
2024-03-26 11:51:00-04:00,521.28,521.385,521.27,521.3601,90979,,
2024-03-26 11:52:00-04:00,521.37,521.4,521.34,521.38,46314,,
2024-03-26 11:53:00-04:00,521.385,521.39,521.325,521.34,69251,,
2024-03-26 11:54:00-04:00,521.34,521.43,521.34,521.4,60096,,
2024-03-26 11:55:00-04:00,521.4,521.425,521.37,521.39,92628,,
2024-03-26 11:56:00-04:00,521.38,521.4599,521.345,521.405,75128,,
2024-03-26 11:57:00-04:00,521.41,521.415,521.31,521.355,47085,,
2024-03-26 11:58:00-04:00,521.36,521.405,521.36,521.3994,31434,,
2024-03-26 11:59:00-04:00,521.4,521.415,521.38,521.3969,17425,,
2024-03-26 12:00:00-04:00,521.4,521.44,521.38,521.42,43646,,
2024-03-26 12:01:00-04:00,521.42,521.46,521.38,521.38,43629,,
2024-03-26 12:02:00-04:00,521.38,521.3805,521.3008,521.3099,30816,,
2024-03-26 12:03:00-04:00,521.3,521.33,521.26,521.28,38922,,
2024-03-26 12:04:00-04:00,521.28,521.29,521.18,521.23,95231,,
2024-03-26 12:05:00-04:00,521.22,521.25,521.2,521.2,45253,,
2024-03-26 12:06:00-04:00,521.205,521.27,521.125,521.1699,63507,,
2024-03-26 12:07:00-04:00,521.17,521.25,521.165,521.25,46559,,
2024-03-26 12:08:00-04:00,521.24,521.275,521.155,521.2085,332609,,
2024-03-26 12:09:00-04:00,521.205,521.26,521.195,521.195,33686,,
2024-03-26 12:10:00-04:00,521.19,521.2563,521.15,521.2,37565,,
2024-03-26 12:11:00-04:00,521.2,521.24,521.175,521.23,82450,,
2024-03-26 12:12:00-04:00,521.235,521.255,521.17,521.18,340875,,
2024-03-26 12:13:00-04:00,521.17,521.2,521.15,521.155,45936,,
2024-03-26 12:14:00-04:00,521.15,521.18,521.11,521.18,49314,,
2024-03-26 12:15:00-04:00,521.18,521.2101,521.15,521.17,75508,,
2024-03-26 12:16:00-04:00,521.16,521.16,521.0499,521.11,93334,,
2024-03-26 12:17:00-04:00,521.1099,521.155,521.04,521.1504,118785,,
2024-03-26 12:18:00-04:00,521.16,521.2525,521.16,521.21,54711,,
2024-03-26 12:19:00-04:00,521.21,521.21,521.11,521.115,33683,,
2024-03-26 12:20:00-04:00,521.1,521.1,520.98,521.0,84808,,
2024-03-26 12:21:00-04:00,520.998,521.04,520.96,521.0,107286,,
2024-03-26 12:22:00-04:00,521.01,521.075,520.9675,520.9699,88906,,
2024-03-26 12:23:00-04:00,520.97,521.04,520.93,521.01,68822,,
2024-03-26 12:24:00-04:00,521.0,521.07,520.99,521.02,41250,,
2024-03-26 12:25:00-04:00,521.01,521.01,520.915,520.96,70611,,
2024-03-26 12:26:00-04:00,520.955,520.99,520.93,520.98,55904,,
2024-03-26 12:27:00-04:00,520.9899,521.015,520.93,520.99,56045,,
2024-03-26 12:28:00-04:00,520.99,521.11,520.99,521.1099,76546,,
2024-03-26 12:29:00-04:00,521.1,521.16,521.08,521.14,53094,,
2024-03-26 12:30:00-04:00,521.135,521.14,521.07,521.09,59539,,
2024-03-26 12:31:00-04:00,521.085,521.09,521.03,521.0779,25319,,
2024-03-26 12:32:00-04:00,521.07,521.08,521.01,521.01,40791,,
2024-03-26 12:33:00-04:00,521.015,521.05,520.99,521.0199,40289,,
2024-03-26 12:34:00-04:00,521.01,521.01,520.94,520.97,61591,,
2024-03-26 12:35:00-04:00,520.97,521.07,520.96,521.06,47768,,
2024-03-26 12:36:00-04:00,521.06,521.09,520.99,520.99,42708,,
2024-03-26 12:37:00-04:00,520.98,520.99,520.94,520.98,33746,,
2024-03-26 12:38:00-04:00,520.99,521.01,520.93,520.94,21726,,
2024-03-26 12:39:00-04:00,520.945,520.995,520.91,520.9899,39524,,
2024-03-26 12:40:00-04:00,520.9877,520.99,520.89,520.935,51595,,
2024-03-26 12:41:00-04:00,520.935,520.9473,520.8837,520.9287,50884,,
2024-03-26 12:42:00-04:00,520.93,520.99,520.93,520.97,65906,,
2024-03-26 12:43:00-04:00,520.97,521.0199,520.93,520.95,37761,,
2024-03-26 12:44:00-04:00,520.96,520.97,520.9,520.92,48468,,
2024-03-26 12:45:00-04:00,520.92,520.93,520.87,520.885,60844,,
2024-03-26 12:46:00-04:00,520.89,520.945,520.89,520.9099,303703,,
2024-03-26 12:47:00-04:00,520.92,520.99,520.9,520.96,43836,,
2024-03-26 12:48:00-04:00,520.96,521.07,520.94,521.04,62207,,
2024-03-26 12:49:00-04:00,521.03,521.04,520.96,520.96,44509,,
2024-03-26 12:50:00-04:00,520.97,521.045,520.9599,521.017,31774,,
2024-03-26 12:51:00-04:00,521.02,521.0303,520.95,520.965,32713,,
2024-03-26 12:52:00-04:00,520.96,520.985,520.75,520.875,140457,,
2024-03-26 12:53:00-04:00,520.87,520.91,520.83,520.885,81981,,
2024-03-26 12:54:00-04:00,520.8876,520.89,520.815,520.865,71099,,
2024-03-26 12:55:00-04:00,520.86,520.93,520.86,520.89,41157,,
2024-03-26 12:56:00-04:00,520.895,520.925,520.83,520.87,53402,,
2024-03-26 12:57:00-04:00,520.88,520.94,520.86,520.905,48863,,
2024-03-26 12:58:00-04:00,520.91,520.92,520.79,520.8399,42001,,
2024-03-26 12:59:00-04:00,520.835,520.9199,520.78,520.88,62818,,
2024-03-26 13:00:00-04:00,520.87,520.88,520.73,520.795,79492,,
2024-03-26 13:01:00-04:00,520.795,520.81,520.73,520.77,70923,,
2024-03-26 13:02:00-04:00,520.76,521.0,520.72,520.805,365388,,
2024-03-26 13:03:00-04:00,520.8,520.92,520.7999,520.905,50753,,
2024-03-26 13:04:00-04:00,520.9,520.9461,520.84,520.845,67469,,
2024-03-26 13:05:00-04:00,520.85,520.955,520.8426,520.9172,54051,,
2024-03-26 13:06:00-04:00,520.915,521.01,520.915,520.99,55059,,
2024-03-26 13:07:00-04:00,520.995,521.0,520.96,520.9901,48945,,
2024-03-26 13:08:00-04:00,520.995,521.01,520.93,520.94,42077,,
2024-03-26 13:09:00-04:00,520.94,520.97,520.88,520.935,44284,,
2024-03-26 13:10:00-04:00,520.935,520.98,520.88,520.884,47708,,
2024-03-26 13:11:00-04:00,520.89,520.92,520.865,520.905,30219,,
2024-03-26 13:12:00-04:00,520.9,520.98,520.89,520.94,68543,,
2024-03-26 13:13:00-04:00,520.9497,520.97,520.92,520.94,47027,,
2024-03-26 13:14:00-04:00,520.945,521.0,520.93,521.0,43317,,
2024-03-26 13:15:00-04:00,521.0,521.01,520.95,520.98,31699,,
2024-03-26 13:16:00-04:00,520.99,520.99,520.89,520.89,77117,,
2024-03-26 13:17:00-04:00,520.89,520.9,520.81,520.825,38990,,
2024-03-26 13:18:00-04:00,520.835,520.88,520.81,520.83,36167,,
2024-03-26 13:19:00-04:00,520.825,520.85,520.79,520.825,30405,,
2024-03-26 13:20:00-04:00,520.825,520.85,520.815,520.82,65617,,
2024-03-26 13:21:00-04:00,520.82,520.85,520.8,520.825,39810,,
2024-03-26 13:22:00-04:00,520.83,520.8799,520.815,520.82,32954,,
2024-03-26 13:23:00-04:00,520.825,520.825,520.75,520.775,37397,,
2024-03-26 13:24:00-04:00,520.77,520.815,520.755,520.79,53268,,
2024-03-26 13:25:00-04:00,520.78,520.785,520.745,520.76,34792,,
2024-03-26 13:26:00-04:00,520.76,520.85,520.75,520.8,39788,,
2024-03-26 13:27:00-04:00,520.81,520.83,520.76,520.76,42684,,
2024-03-26 13:28:00-04:00,520.76,520.82,520.746,520.82,30258,,
2024-03-26 13:29:00-04:00,520.81,520.89,520.795,520.86,40668,,
2024-03-26 13:30:00-04:00,520.8624,520.94,520.8503,520.92,43900,,
2024-03-26 13:31:00-04:00,520.91,520.95,520.91,520.9151,36775,,
2024-03-26 13:32:00-04:00,520.92,520.92,520.88,520.92,16065,,
2024-03-26 13:33:00-04:00,520.91,520.98,520.9,520.93,35209,,
2024-03-26 13:34:00-04:00,520.9263,520.985,520.92,520.98,27091,,
2024-03-26 13:35:00-04:00,520.98,521.0099,520.9524,520.97,68105,,
2024-03-26 13:36:00-04:00,520.98,520.985,520.91,520.92,37381,,
2024-03-26 13:37:00-04:00,520.925,520.93,520.8426,520.85,49896,,
2024-03-26 13:38:00-04:00,520.845,520.89,520.845,520.86,19999,,
2024-03-26 13:39:00-04:00,520.86,520.86,520.7,520.804,97463,,
2024-03-26 13:40:00-04:00,520.81,520.82,520.78,520.81,18510,,
2024-03-26 13:41:00-04:00,520.82,520.88,520.82,520.83,47191,,
2024-03-26 13:42:00-04:00,520.8399,520.87,520.79,520.83,22431,,
2024-03-26 13:43:00-04:00,520.84,520.875,520.81,520.81,32940,,
2024-03-26 13:44:00-04:00,520.81,520.81,520.645,520.6887,1060863,,
2024-03-26 13:45:00-04:00,520.68,520.7,520.49,520.56,127194,,
2024-03-26 13:46:00-04:00,520.56,520.64,520.55,520.63,63576,,
2024-03-26 13:47:00-04:00,520.64,520.7165,520.63,520.645,43518,,
2024-03-26 13:48:00-04:00,520.65,520.67,520.55,520.595,313952,,
2024-03-26 13:49:00-04:00,520.59,520.65,520.55,520.63,42604,,
2024-03-26 13:50:00-04:00,520.635,520.64,520.595,520.62,84886,,
2024-03-26 13:51:00-04:00,520.61,520.64,520.585,520.64,52242,,
2024-03-26 13:52:00-04:00,520.635,520.64,520.56,520.57,84955,,
2024-03-26 13:53:00-04:00,520.57,520.62,520.555,520.585,64846,,
2024-03-26 13:54:00-04:00,520.586,520.73,520.575,520.72,37163,,
2024-03-26 13:55:00-04:00,520.72,520.79,520.71,520.785,50487,,
2024-03-26 13:56:00-04:00,520.78,520.8188,520.75,520.76,46580,,
2024-03-26 13:57:00-04:00,520.76,520.8,520.725,520.725,32040,,
2024-03-26 13:58:00-04:00,520.735,520.74,520.68,520.725,48258,,
2024-03-26 13:59:00-04:00,520.725,520.725,520.63,520.655,31320,,
2024-03-26 14:00:00-04:00,520.66,520.72,520.635,520.7175,148398,,
2024-03-26 14:01:00-04:00,520.72,520.795,520.72,520.79,43224,,
2024-03-26 14:02:00-04:00,520.7897,520.87,520.76,520.8312,55187,,
2024-03-26 14:03:00-04:00,520.8301,520.88,520.82,520.85,37699,,
2024-03-26 14:04:00-04:00,520.85,520.88,520.83,520.85,60375,,
2024-03-26 14:05:00-04:00,520.8576,520.9,520.845,520.86,52105,,
2024-03-26 14:06:00-04:00,520.86,520.89,520.84,520.87,24122,,
2024-03-26 14:07:00-04:00,520.885,520.905,520.8687,520.895,22188,,
2024-03-26 14:08:00-04:00,520.89,520.96,520.89,520.915,46496,,
2024-03-26 14:09:00-04:00,520.915,520.92,520.81,520.834,110845,,
2024-03-26 14:10:00-04:00,520.835,520.84,520.73,520.76,79794,,
2024-03-26 14:11:00-04:00,520.76,520.79,520.74,520.785,63037,,
2024-03-26 14:12:00-04:00,520.785,520.81,520.7388,520.7388,40564,,
2024-03-26 14:13:00-04:00,520.74,520.825,520.74,520.81,38237,,
2024-03-26 14:14:00-04:00,520.81,520.8899,520.8,520.85,50779,,
2024-03-26 14:15:00-04:00,520.85,520.93,520.84,520.9099,45142,,
2024-03-26 14:16:00-04:00,520.9,520.9399,520.87,520.904,44432,,
2024-03-26 14:17:00-04:00,520.9,520.98,520.9,520.905,60774,,
2024-03-26 14:18:00-04:00,520.91,520.99,520.905,520.94,48256,,
2024-03-26 14:19:00-04:00,520.941,520.941,520.9,520.925,45052,,
2024-03-26 14:20:00-04:00,520.93,520.95,520.84,520.84,30527,,
2024-03-26 14:21:00-04:00,520.845,520.845,520.8,520.83,34783,,
2024-03-26 14:22:00-04:00,520.8276,520.9267,520.82,520.855,37022,,
2024-03-26 14:23:00-04:00,520.86,520.92,520.855,520.91,22429,,
2024-03-26 14:24:00-04:00,520.91,520.96,520.89,520.92,39437,,
2024-03-26 14:25:00-04:00,520.925,520.935,520.86,520.87,284721,,
2024-03-26 14:26:00-04:00,520.8713,520.94,520.8499,520.934,23933,,
2024-03-26 14:27:00-04:00,520.93,520.9901,520.92,520.9897,55582,,
2024-03-26 14:28:00-04:00,520.98,521.01,520.965,520.97,44618,,
2024-03-26 14:29:00-04:00,520.97,520.98,520.94,520.965,31249,,
2024-03-26 14:30:00-04:00,520.96,520.975,520.92,520.935,48943,,
2024-03-26 14:31:00-04:00,520.945,521.03,520.93,521.0,50449,,
2024-03-26 14:32:00-04:00,520.99,521.0299,520.9624,520.98,36199,,
2024-03-26 14:33:00-04:00,520.97,521.0,520.95,520.995,26369,,
2024-03-26 14:34:00-04:00,520.99,521.02,520.97,521.01,45188,,
2024-03-26 14:35:00-04:00,521.01,521.05,520.975,520.99,49692,,
2024-03-26 14:36:00-04:00,520.9989,521.01,520.9431,520.9581,30389,,
2024-03-26 14:37:00-04:00,520.95,521.01,520.93,521.0,70158,,
2024-03-26 14:38:00-04:00,520.995,521.01,520.91,520.9201,34341,,
2024-03-26 14:39:00-04:00,520.92,520.93,520.7999,520.7999,59374,,
2024-03-26 14:40:00-04:00,520.7927,520.83,520.72,520.8,103544,,
2024-03-26 14:41:00-04:00,520.775,520.81,520.73,520.75,339205,,
2024-03-26 14:42:00-04:00,520.745,520.77,520.675,520.7199,63334,,
2024-03-26 14:43:00-04:00,520.7176,520.76,520.7,520.745,309939,,
2024-03-26 14:44:00-04:00,520.74,520.77,520.69,520.696,46189,,
2024-03-26 14:45:00-04:00,520.69,520.73,520.665,520.69,45519,,
2024-03-26 14:46:00-04:00,520.694,520.7597,520.68,520.755,93495,,
2024-03-26 14:47:00-04:00,520.75,520.78,520.73,520.7587,47002,,
2024-03-26 14:48:00-04:00,520.75,520.77,520.715,520.725,29459,,
2024-03-26 14:49:00-04:00,520.72,520.73,520.665,520.695,551449,,
2024-03-26 14:50:00-04:00,520.69,520.72,520.65,520.72,559010,,
2024-03-26 14:51:00-04:00,520.715,520.8,520.7,520.8,59467,,
2024-03-26 14:52:00-04:00,520.792,520.84,520.775,520.82,49598,,
2024-03-26 14:53:00-04:00,520.81,520.88,520.7901,520.84,40819,,
2024-03-26 14:54:00-04:00,520.84,520.85,520.79,520.83,93737,,
2024-03-26 14:55:00-04:00,520.83,520.895,520.83,520.865,48578,,
2024-03-26 14:56:00-04:00,520.87,520.94,520.84,520.91,71145,,
2024-03-26 14:57:00-04:00,520.9213,520.945,520.89,520.905,63415,,
2024-03-26 14:58:00-04:00,520.9,520.9099,520.85,520.8699,34972,,
2024-03-26 14:59:00-04:00,520.87,520.9,520.845,520.85,40188,,
2024-03-26 15:00:00-04:00,520.86,520.87,520.7412,520.75,43794,,
2024-03-26 15:01:00-04:00,520.75,520.819,520.74,520.8,36149,,
2024-03-26 15:02:00-04:00,520.7991,520.845,520.775,520.8,30600,,
2024-03-26 15:03:00-04:00,520.8,520.8,520.75,520.77,88221,,
2024-03-26 15:04:00-04:00,520.77,520.8,520.75,520.77,47380,,
2024-03-26 15:05:00-04:00,520.775,520.775,520.7,520.745,55601,,
2024-03-26 15:06:00-04:00,520.74,520.75,520.6799,520.725,47062,,
2024-03-26 15:07:00-04:00,520.73,520.76,520.71,520.72,47135,,
2024-03-26 15:08:00-04:00,520.72,520.79,520.6901,520.7799,24247,,
2024-03-26 15:09:00-04:00,520.7687,520.87,520.7687,520.83,87520,,
2024-03-26 15:10:00-04:00,520.83,520.91,520.82,520.89,40879,,
2024-03-26 15:11:00-04:00,520.89,520.89,520.755,520.755,75582,,
2024-03-26 15:12:00-04:00,520.77,520.79,520.705,520.705,59647,,
2024-03-26 15:13:00-04:00,520.71,520.745,520.695,520.715,65428,,
2024-03-26 15:14:00-04:00,520.715,520.76,520.675,520.7,75920,,
2024-03-26 15:15:00-04:00,520.705,520.725,520.67,520.7,64835,,
2024-03-26 15:16:00-04:00,520.69,520.77,520.69,520.735,61638,,
2024-03-26 15:17:00-04:00,520.74,520.75,520.7,520.74,68905,,
2024-03-26 15:18:00-04:00,520.73,520.74,520.67,520.675,73672,,
2024-03-26 15:19:00-04:00,520.68,520.71,520.62,520.6399,92447,,
2024-03-26 15:20:00-04:00,520.63,520.6499,520.55,520.55,128068,,
2024-03-26 15:21:00-04:00,520.55,520.6297,520.53,520.555,121814,,
2024-03-26 15:22:00-04:00,520.56,520.63,520.52,520.59,373165,,
2024-03-26 15:23:00-04:00,520.595,520.61,520.55,520.5934,210801,,
2024-03-26 15:24:00-04:00,520.59,520.64,520.55,520.58,115647,,
2024-03-26 15:25:00-04:00,520.575,520.6,520.52,520.6,74901,,
2024-03-26 15:26:00-04:00,520.6,520.65,520.58,520.62,67200,,
2024-03-26 15:27:00-04:00,520.62,520.66,520.594,520.66,83456,,
2024-03-26 15:28:00-04:00,520.651,520.6539,520.545,520.55,52403,,
2024-03-26 15:29:00-04:00,520.545,520.5476,519.955,520.21,652255,,
2024-03-26 15:30:00-04:00,520.21,520.245,520.04,520.13,255242,,
2024-03-26 15:31:00-04:00,520.12,520.16,519.85,520.0599,239688,,
2024-03-26 15:32:00-04:00,520.05,520.07,519.815,519.87,497607,,
2024-03-26 15:33:00-04:00,519.87,519.9,519.58,519.6699,448270,,
2024-03-26 15:34:00-04:00,519.67,519.79,519.5227,519.76,301059,,
2024-03-26 15:35:00-04:00,519.76,519.83,519.72,519.75,272246,,
2024-03-26 15:36:00-04:00,519.76,519.84,519.69,519.696,309458,,
2024-03-26 15:37:00-04:00,519.7,519.77,519.65,519.73,242977,,
2024-03-26 15:38:00-04:00,519.725,519.7399,519.61,519.64,183306,,
2024-03-26 15:39:00-04:00,519.64,519.7,519.595,519.635,729826,,
2024-03-26 15:40:00-04:00,519.635,519.9,519.6,519.88,318794,,
2024-03-26 15:41:00-04:00,519.88,519.97,519.78,519.8,286881,,
2024-03-26 15:42:00-04:00,519.83,519.84,519.65,519.67,309681,,
2024-03-26 15:43:00-04:00,519.67,519.76,519.5382,519.5487,272509,,
2024-03-26 15:44:00-04:00,519.54,519.56,519.17,519.19,385080,,
2024-03-26 15:45:00-04:00,519.19,519.44,519.18,519.35,598953,,
2024-03-26 15:46:00-04:00,519.37,519.43,519.24,519.25,292385,,
2024-03-26 15:47:00-04:00,519.25,519.32,519.21,519.23,490838,,
2024-03-26 15:48:00-04:00,519.22,519.33,519.025,519.076,428621,,
2024-03-26 15:49:00-04:00,519.07,519.12,519.025,519.1114,1100091,,
2024-03-26 15:50:00-04:00,519.12,519.245,518.98,519.22,1009883,,
2024-03-26 15:51:00-04:00,519.22,519.3097,519.08,519.09,402632,,
2024-03-26 15:52:00-04:00,519.095,519.18,519.05,519.075,508469,,
2024-03-26 15:53:00-04:00,519.08,519.15,519.0,519.12,513951,,
2024-03-26 15:54:00-04:00,519.12,519.25,519.08,519.14,645239,,
2024-03-26 15:55:00-04:00,519.15,519.2,518.83,518.865,1364714,,
2024-03-26 15:56:00-04:00,518.86,518.895,518.4499,518.47,1461109,,
2024-03-26 15:57:00-04:00,518.465,518.66,518.44,518.5296,835644,,
2024-03-26 15:58:00-04:00,518.53,518.6672,518.5,518.575,1014627,,
2024-03-26 15:59:00-04:00,518.575,518.75,518.4,518.66,5034649,,
2024-03-26 16:00:00-04:00,518.66,519.18,518.59,519.13,3070308,,
2024-03-27 09:30:00-04:00,521.71,521.78,521.4,521.52,809316,,
2024-03-27 09:31:00-04:00,521.52,521.65,521.5,521.58,167799,,
2024-03-27 09:32:00-04:00,521.56,521.58,521.41,521.45,250283,,
2024-03-27 09:33:00-04:00,521.45,521.5,521.35,521.455,203997,,
2024-03-27 09:34:00-04:00,521.45,521.56,521.39,521.45,162112,,
2024-03-27 09:35:00-04:00,521.46,521.62,521.43,521.455,230645,,
2024-03-27 09:36:00-04:00,521.44,521.46,521.14,521.34,319790,,
2024-03-27 09:37:00-04:00,521.36,521.47,521.27,521.46,126438,,
2024-03-27 09:38:00-04:00,521.4786,521.64,521.46,521.5186,166136,,
2024-03-27 09:39:00-04:00,521.51,521.53,521.41,521.49,140401,,
2024-03-27 09:40:00-04:00,521.49,521.535,521.335,521.36,173962,,
2024-03-27 09:41:00-04:00,521.355,521.52,521.355,521.4588,108030,,
2024-03-27 09:42:00-04:00,521.46,521.53,521.405,521.4299,133511,,
2024-03-27 09:43:00-04:00,521.43,521.44,521.33,521.405,124722,,
2024-03-27 09:44:00-04:00,521.4,521.44,521.31,521.44,85947,,
2024-03-27 09:45:00-04:00,521.44,521.515,521.385,521.48,195097,,
2024-03-27 09:46:00-04:00,521.475,521.62,521.45,521.56,134191,,
2024-03-27 09:47:00-04:00,521.56,521.68,521.52,521.57,164092,,
2024-03-27 09:48:00-04:00,521.5797,521.635,521.54,521.61,109465,,
2024-03-27 09:49:00-04:00,521.61,521.715,521.54,521.67,127575,,
2024-03-27 09:50:00-04:00,521.675,521.695,521.53,521.63,116825,,
2024-03-27 09:51:00-04:00,521.6398,521.665,521.53,521.535,80420,,
2024-03-27 09:52:00-04:00,521.53,521.57,521.4,521.42,107188,,
2024-03-27 09:53:00-04:00,521.415,521.42,521.26,521.315,160044,,
2024-03-27 09:54:00-04:00,521.29,521.31,520.875,521.03,352790,,
2024-03-27 09:55:00-04:00,521.034,521.18,520.91,520.985,187383,,
2024-03-27 09:56:00-04:00,520.98,520.99,520.79,520.895,150592,,
2024-03-27 09:57:00-04:00,520.9,520.93,520.74,520.92,158127,,
2024-03-27 09:58:00-04:00,520.92,521.02,520.84,521.006,129340,,
2024-03-27 09:59:00-04:00,521.01,521.035,520.88,520.89,186354,,
2024-03-27 10:00:00-04:00,520.9,520.95,520.75,520.9,204971,,
2024-03-27 10:01:00-04:00,520.88,520.88,520.46,520.49,226182,,
2024-03-27 10:02:00-04:00,520.51,520.52,520.03,520.055,330703,,
2024-03-27 10:03:00-04:00,520.05,520.2301,519.84,519.87,602243,,
2024-03-27 10:04:00-04:00,519.875,520.12,519.87,520.08,236215,,
2024-03-27 10:05:00-04:00,520.09,520.26,520.09,520.12,267726,,
2024-03-27 10:06:00-04:00,520.11,520.14,519.98,520.11,236337,,
2024-03-27 10:07:00-04:00,520.11,520.18,520.0785,520.15,204478,,
2024-03-27 10:08:00-04:00,520.16,520.315,520.16,520.27,144183,,
2024-03-27 10:09:00-04:00,520.275,520.3084,520.18,520.185,109501,,
2024-03-27 10:10:00-04:00,520.185,520.31,520.11,520.1424,113192,,
2024-03-27 10:11:00-04:00,520.14,520.14,519.92,519.96,221453,,
2024-03-27 10:12:00-04:00,519.955,520.0,519.73,519.79,493882,,
2024-03-27 10:13:00-04:00,519.8,520.07,519.75,520.07,279678,,
2024-03-27 10:14:00-04:00,520.07,520.24,520.05,520.15,158453,,
2024-03-27 10:15:00-04:00,520.14,520.36,520.1,520.345,174012,,
2024-03-27 10:16:00-04:00,520.35,520.4,520.25,520.32,100618,,
2024-03-27 10:17:00-04:00,520.33,520.39,520.23,520.29,109246,,
2024-03-27 10:18:00-04:00,520.29,520.29,520.2,520.285,71454,,
2024-03-27 10:19:00-04:00,520.29,520.48,520.285,520.3701,118139,,
2024-03-27 10:20:00-04:00,520.38,520.4,520.16,520.22,110838,,
2024-03-27 10:21:00-04:00,520.22,520.26,519.87,519.92,228912,,
2024-03-27 10:22:00-04:00,519.92,520.06,519.832,519.89,144801,,
2024-03-27 10:23:00-04:00,519.8889,519.98,519.85,519.88,148909,,
2024-03-27 10:24:00-04:00,519.9078,520.0,519.85,519.85,105701,,
2024-03-27 10:25:00-04:00,519.8599,519.925,519.77,519.79,162900,,
2024-03-27 10:26:00-04:00,519.79,519.99,519.785,519.92,154659,,
2024-03-27 10:27:00-04:00,519.93,519.955,519.86,519.92,120772,,
2024-03-27 10:28:00-04:00,519.925,519.93,519.78,519.87,366374,,
2024-03-27 10:29:00-04:00,519.87,520.0,519.845,519.9398,117469,,
2024-03-27 10:30:00-04:00,519.935,520.09,519.92,520.08,224605,,
2024-03-27 10:31:00-04:00,520.075,520.22,519.95,520.0,198470,,
2024-03-27 10:32:00-04:00,520.0,520.08,519.86,520.08,137103,,
2024-03-27 10:33:00-04:00,520.07,520.23,520.03,520.1961,124552,,
2024-03-27 10:34:00-04:00,520.19,520.27,520.1301,520.194,109708,,
2024-03-27 10:35:00-04:00,520.19,520.22,520.1,520.12,92207,,
2024-03-27 10:36:00-04:00,520.13,520.21,520.1,520.2,230726,,
2024-03-27 10:37:00-04:00,520.2,520.28,520.15,520.275,87077,,
2024-03-27 10:38:00-04:00,520.275,520.345,520.22,520.26,107183,,
2024-03-27 10:39:00-04:00,520.26,520.26,520.17,520.255,57721,,
2024-03-27 10:40:00-04:00,520.25,520.3199,520.21,520.28,67907,,
2024-03-27 10:41:00-04:00,520.275,520.425,520.27,520.42,143586,,
2024-03-27 10:42:00-04:00,520.42,520.42,520.07,520.091,178386,,
2024-03-27 10:43:00-04:00,520.1,520.215,519.89,519.9299,302114,,
2024-03-27 10:44:00-04:00,519.92,520.05,519.9,519.935,158850,,
2024-03-27 10:45:00-04:00,519.93,520.075,519.92,520.05,106012,,
2024-03-27 10:46:00-04:00,520.04,520.09,519.905,520.0,171014,,
2024-03-27 10:47:00-04:00,519.99,520.04,519.87,519.895,116411,,
2024-03-27 10:48:00-04:00,519.89,519.93,519.865,519.87,82927,,
2024-03-27 10:49:00-04:00,519.88,519.9,519.63,519.675,243658,,
2024-03-27 10:50:00-04:00,519.68,519.7561,519.64,519.735,131494,,
2024-03-27 10:51:00-04:00,519.7399,519.77,519.675,519.75,380991,,
2024-03-27 10:52:00-04:00,519.7475,519.76,519.67,519.7282,86829,,
2024-03-27 10:53:00-04:00,519.7199,519.85,519.715,519.78,88816,,
2024-03-27 10:54:00-04:00,519.775,519.91,519.76,519.89,121205,,
2024-03-27 10:55:00-04:00,519.89,519.95,519.8,519.8135,149601,,
2024-03-27 10:56:00-04:00,519.815,519.88,519.8,519.84,62904,,
2024-03-27 10:57:00-04:00,519.845,519.93,519.825,519.86,104193,,
2024-03-27 10:58:00-04:00,519.865,519.95,519.85,519.93,130778,,
2024-03-27 10:59:00-04:00,519.92,520.01,519.76,519.845,108953,,
2024-03-27 11:00:00-04:00,519.85,519.955,519.76,519.91,82935,,
2024-03-27 11:01:00-04:00,519.91,519.955,519.82,519.86,77565,,
2024-03-27 11:02:00-04:00,519.855,519.896,519.78,519.7985,70094,,
2024-03-27 11:03:00-04:00,519.8,519.855,519.765,519.8201,349873,,
2024-03-27 11:04:00-04:00,519.82,519.86,519.69,519.85,67397,,
2024-03-27 11:05:00-04:00,519.85,519.91,519.805,519.835,73401,,
2024-03-27 11:06:00-04:00,519.83,519.865,519.755,519.775,43170,,
2024-03-27 11:07:00-04:00,519.79,519.98,519.79,519.925,69090,,
2024-03-27 11:08:00-04:00,519.93,519.99,519.925,519.94,48912,,
2024-03-27 11:09:00-04:00,519.94,520.08,519.93,520.016,94154,,
2024-03-27 11:10:00-04:00,520.02,520.0399,519.92,519.94,48960,,
2024-03-27 11:11:00-04:00,519.9372,519.94,519.77,519.81,91534,,
2024-03-27 11:12:00-04:00,519.82,519.8682,519.78,519.805,49015,,
2024-03-27 11:13:00-04:00,519.8,519.9458,519.78,519.93,61644,,
2024-03-27 11:14:00-04:00,519.9299,520.02,519.91,520.0,40009,,
2024-03-27 11:15:00-04:00,519.999,519.999,519.885,519.89,46771,,
2024-03-27 11:16:00-04:00,519.9,520.0,519.86,519.99,60430,,
2024-03-27 11:17:00-04:00,519.99,520.15,519.99,520.13,108498,,
2024-03-27 11:18:00-04:00,520.1222,520.16,520.03,520.03,96544,,
2024-03-27 11:19:00-04:00,520.0301,520.08,519.99,520.05,178360,,
2024-03-27 11:20:00-04:00,520.04,520.04,519.9,519.96,49213,,
2024-03-27 11:21:00-04:00,519.9481,519.97,519.86,519.88,41559,,
2024-03-27 11:22:00-04:00,519.8799,520.04,519.87,520.03,53144,,
2024-03-27 11:23:00-04:00,520.03,520.06,519.99,520.01,51506,,
2024-03-27 11:24:00-04:00,520.01,520.01,519.87,519.88,53357,,
2024-03-27 11:25:00-04:00,519.89,519.94,519.87,519.91,80637,,
2024-03-27 11:26:00-04:00,519.91,520.03,519.89,519.98,52243,,
2024-03-27 11:27:00-04:00,519.98,520.04,519.97,519.99,39956,,
2024-03-27 11:28:00-04:00,519.985,520.04,519.85,519.855,48422,,
2024-03-27 11:29:00-04:00,519.86,519.89,519.69,519.69,120557,,
2024-03-27 11:30:00-04:00,519.71,519.765,519.53,519.74,289477,,
2024-03-27 11:31:00-04:00,519.7564,519.7564,519.53,519.5697,159519,,
2024-03-27 11:32:00-04:00,519.57,519.688,519.54,519.58,103172,,
2024-03-27 11:33:00-04:00,519.57,519.68,519.555,519.66,64237,,
2024-03-27 11:34:00-04:00,519.67,519.74,519.63,519.68,52052,,
2024-03-27 11:35:00-04:00,519.69,519.79,519.66,519.785,148422,,
2024-03-27 11:36:00-04:00,519.79,519.88,519.76,519.78,176571,,
2024-03-27 11:37:00-04:00,519.765,519.9,519.765,519.897,66799,,
2024-03-27 11:38:00-04:00,519.895,519.95,519.89,519.905,96765,,
2024-03-27 11:39:00-04:00,519.91,519.968,519.85,519.855,60400,,
2024-03-27 11:40:00-04:00,519.86,519.88,519.745,519.81,82514,,
2024-03-27 11:41:00-04:00,519.81,519.915,519.795,519.915,49003,,
2024-03-27 11:42:00-04:00,519.925,520.01,519.925,519.97,76578,,
2024-03-27 11:43:00-04:00,519.96,520.035,519.91,520.0227,60158,,
2024-03-27 11:44:00-04:00,520.022,520.08,519.99,519.99,380196,,
2024-03-27 11:45:00-04:00,520.01,520.03,519.89,519.89,117714,,
2024-03-27 11:46:00-04:00,519.895,519.91,519.8,519.825,106951,,
2024-03-27 11:47:00-04:00,519.825,519.98,519.8,519.95,41155,,
2024-03-27 11:48:00-04:00,519.96,519.99,519.95,519.98,31398,,
2024-03-27 11:49:00-04:00,519.98,519.98,519.84,519.8727,38730,,
2024-03-27 11:50:00-04:00,519.89,519.94,519.875,519.92,34627,,
2024-03-27 11:51:00-04:00,519.93,519.995,519.825,519.85,45121,,
2024-03-27 11:52:00-04:00,519.85,519.875,519.77,519.82,44488,,
2024-03-27 11:53:00-04:00,519.83,519.8699,519.7701,519.82,33176,,
2024-03-27 11:54:00-04:00,519.82,519.8515,519.765,519.77,40835,,
2024-03-27 11:55:00-04:00,519.77,519.87,519.75,519.84,291357,,
2024-03-27 11:56:00-04:00,519.84,519.94,519.84,519.935,75079,,
2024-03-27 11:57:00-04:00,519.92,519.94,519.76,519.76,35289,,
2024-03-27 11:58:00-04:00,519.76,519.76,519.65,519.65,61178,,
2024-03-27 11:59:00-04:00,519.6479,519.675,519.53,519.54,87648,,
2024-03-27 12:00:00-04:00,519.54,519.65,519.485,519.65,202878,,
2024-03-27 12:01:00-04:00,519.66,519.705,519.53,519.63,164918,,
2024-03-27 12:02:00-04:00,519.63,519.71,519.63,519.6575,46132,,
2024-03-27 12:03:00-04:00,519.645,519.69,519.585,519.585,45814,,
2024-03-27 12:04:00-04:00,519.58,519.66,519.57,519.6494,41802,,
2024-03-27 12:05:00-04:00,519.64,519.65,519.58,519.63,49558,,
2024-03-27 12:06:00-04:00,519.62,519.76,519.61,519.755,43634,,
2024-03-27 12:07:00-04:00,519.755,519.775,519.7,519.7,43959,,
2024-03-27 12:08:00-04:00,519.7,519.7699,519.66,519.6787,892633,,
2024-03-27 12:09:00-04:00,519.675,519.7399,519.67,519.685,26027,,
2024-03-27 12:10:00-04:00,519.69,519.72,519.67,519.71,35659,,
2024-03-27 12:11:00-04:00,519.7167,519.74,519.65,519.695,51810,,
2024-03-27 12:12:00-04:00,519.7,519.71,519.6,519.6,120246,,
2024-03-27 12:13:00-04:00,519.61,519.69,519.61,519.615,34265,,
2024-03-27 12:14:00-04:00,519.63,519.67,519.6,519.665,35442,,
2024-03-27 12:15:00-04:00,519.65,519.7,519.6,519.615,54438,,
2024-03-27 12:16:00-04:00,519.6,519.605,519.5537,519.58,33095,,
2024-03-27 12:17:00-04:00,519.58,519.715,519.58,519.71,34564,,
2024-03-27 12:18:00-04:00,519.71,519.8288,519.7,519.815,37079,,
2024-03-27 12:19:00-04:00,519.8101,519.82,519.765,519.77,49899,,
2024-03-27 12:20:00-04:00,519.78,519.825,519.74,519.81,49497,,
2024-03-27 12:21:00-04:00,519.82,519.93,519.8099,519.88,62361,,
2024-03-27 12:22:00-04:00,519.885,519.935,519.87,519.93,42014,,
2024-03-27 12:23:00-04:00,519.93,519.9403,519.89,519.915,42155,,
2024-03-27 12:24:00-04:00,519.92,520.02,519.92,520.02,52394,,
2024-03-27 12:25:00-04:00,520.02,520.03,519.94,519.965,60662,,
2024-03-27 12:26:00-04:00,519.97,520.04,519.94,519.98,48443,,
2024-03-27 12:27:00-04:00,519.99,520.06,519.97,520.05,52052,,
2024-03-27 12:28:00-04:00,520.05,520.07,519.99,520.07,50053,,
2024-03-27 12:29:00-04:00,520.07,520.1286,520.06,520.08,60601,,
2024-03-27 12:30:00-04:00,520.08,520.2301,520.07,520.17,145996,,
2024-03-27 12:31:00-04:00,520.18,520.29,520.17,520.195,373567,,
2024-03-27 12:32:00-04:00,520.2,520.4,520.2,520.28,148094,,
2024-03-27 12:33:00-04:00,520.285,520.3599,520.25,520.2501,71839,,
2024-03-27 12:34:00-04:00,520.26,520.325,520.24,520.29,87716,,
2024-03-27 12:35:00-04:00,520.3,520.3101,520.236,520.255,52838,,
2024-03-27 12:36:00-04:00,520.26,520.33,520.24,520.27,73514,,
2024-03-27 12:37:00-04:00,520.26,520.31,520.235,520.27,59132,,
2024-03-27 12:38:00-04:00,520.27,520.295,520.19,520.205,43881,,
2024-03-27 12:39:00-04:00,520.205,520.22,520.16,520.1983,51442,,
2024-03-27 12:40:00-04:00,520.195,520.28,520.19,520.26,42782,,
2024-03-27 12:41:00-04:00,520.2669,520.29,520.21,520.23,28995,,
2024-03-27 12:42:00-04:00,520.24,520.36,520.2369,520.3499,634873,,
2024-03-27 12:43:00-04:00,520.345,520.35,520.24,520.295,60328,,
2024-03-27 12:44:00-04:00,520.295,520.295,520.18,520.22,64770,,
2024-03-27 12:45:00-04:00,520.22,520.32,520.22,520.28,49716,,
2024-03-27 12:46:00-04:00,520.27,520.315,520.25,520.27,35047,,
2024-03-27 12:47:00-04:00,520.272,520.32,520.26,520.285,43664,,
2024-03-27 12:48:00-04:00,520.28,520.4799,520.28,520.465,66885,,
2024-03-27 12:49:00-04:00,520.4625,520.47,520.4,520.41,66208,,
2024-03-27 12:50:00-04:00,520.41,520.42,520.36,520.4,48809,,
2024-03-27 12:51:00-04:00,520.39,520.41,520.31,520.38,40427,,
2024-03-27 12:52:00-04:00,520.39,520.395,520.3,520.314,44255,,
2024-03-27 12:53:00-04:00,520.3267,520.375,520.28,520.37,41095,,
2024-03-27 12:54:00-04:00,520.364,520.44,520.36,520.41,34524,,
2024-03-27 12:55:00-04:00,520.41,520.41,520.2921,520.31,94883,,
2024-03-27 12:56:00-04:00,520.31,520.38,520.2999,520.38,61043,,
2024-03-27 12:57:00-04:00,520.3899,520.426,520.37,520.42,46240,,
2024-03-27 12:58:00-04:00,520.41,520.41,520.295,520.2992,33710,,
2024-03-27 12:59:00-04:00,520.29,520.36,520.285,520.3099,28432,,
2024-03-27 13:00:00-04:00,520.31,520.37,520.1697,520.17,91319,,
2024-03-27 13:01:00-04:00,520.18,520.5,520.18,520.43,124413,,
2024-03-27 13:02:00-04:00,520.41,520.46,520.34,520.41,77716,,
2024-03-27 13:03:00-04:00,520.41,520.48,520.31,520.34,68311,,
2024-03-27 13:04:00-04:00,520.35,520.37,520.25,520.27,82735,,
2024-03-27 13:05:00-04:00,520.27,520.275,520.15,520.18,66605,,
2024-03-27 13:06:00-04:00,520.18,520.1899,520.06,520.1689,69548,,
2024-03-27 13:07:00-04:00,520.1699,520.17,519.96,520.0001,67767,,
2024-03-27 13:08:00-04:00,520.0087,520.0799,519.98,520.0099,316077,,
2024-03-27 13:09:00-04:00,520.01,520.01,519.92,519.95,79883,,
2024-03-27 13:10:00-04:00,519.96,519.99,519.75,519.7575,127921,,
2024-03-27 13:11:00-04:00,519.7599,519.915,519.73,519.845,68742,,
2024-03-27 13:12:00-04:00,519.85,519.96,519.825,519.96,72300,,
2024-03-27 13:13:00-04:00,519.96,520.06,519.91,520.04,82963,,
2024-03-27 13:14:00-04:00,520.0307,520.08,519.995,520.08,44386,,
2024-03-27 13:15:00-04:00,520.07,520.08,520.0,520.03,32593,,
2024-03-27 13:16:00-04:00,520.03,520.1299,520.02,520.105,38813,,
2024-03-27 13:17:00-04:00,520.1,520.23,520.055,520.2,45637,,
2024-03-27 13:18:00-04:00,520.19,520.2402,520.19,520.21,33322,,
2024-03-27 13:19:00-04:00,520.21,520.33,520.205,520.31,63139,,
2024-03-27 13:20:00-04:00,520.32,520.395,520.29,520.35,59785,,
2024-03-27 13:21:00-04:00,520.365,520.39,520.291,520.325,50105,,
2024-03-27 13:22:00-04:00,520.3299,520.44,520.3299,520.395,54466,,
2024-03-27 13:23:00-04:00,520.4,520.4,520.225,520.3,55981,,
2024-03-27 13:24:00-04:00,520.3099,520.3399,520.27,520.33,41738,,
2024-03-27 13:25:00-04:00,520.3299,520.34,520.28,520.3204,19974,,
2024-03-27 13:26:00-04:00,520.34,520.42,520.32,520.35,31626,,
2024-03-27 13:27:00-04:00,520.33,520.33,520.22,520.2799,63935,,
2024-03-27 13:28:00-04:00,520.27,520.33,520.24,520.25,27951,,
2024-03-27 13:29:00-04:00,520.26,520.38,520.25,520.325,61228,,
2024-03-27 13:30:00-04:00,520.33,520.35,520.29,520.335,307657,,
2024-03-27 13:31:00-04:00,520.335,520.43,520.2801,520.43,46502,,
2024-03-27 13:32:00-04:00,520.425,520.435,520.3903,520.4,28843,,
2024-03-27 13:33:00-04:00,520.4,520.4,520.3,520.35,34736,,
2024-03-27 13:34:00-04:00,520.35,520.38,520.31,520.335,22029,,
2024-03-27 13:35:00-04:00,520.33,520.33,520.185,520.256,67856,,
2024-03-27 13:36:00-04:00,520.26,520.355,520.26,520.3301,52247,,
2024-03-27 13:37:00-04:00,520.3399,520.39,520.31,520.34,21274,,
2024-03-27 13:38:00-04:00,520.3499,520.3899,520.32,520.34,22009,,
2024-03-27 13:39:00-04:00,520.34,520.35,520.23,520.245,41932,,
2024-03-27 13:40:00-04:00,520.24,520.2899,520.21,520.255,44625,,
2024-03-27 13:41:00-04:00,520.26,520.28,520.18,520.255,37372,,
2024-03-27 13:42:00-04:00,520.255,520.355,520.25,520.335,52388,,
2024-03-27 13:43:00-04:00,520.33,520.35,520.21,520.2101,30377,,
2024-03-27 13:44:00-04:00,520.2092,520.28,520.12,520.2703,41996,,
2024-03-27 13:45:00-04:00,520.28,520.38,520.26,520.3,38516,,
2024-03-27 13:46:00-04:00,520.32,520.3499,520.26,520.2883,28638,,
2024-03-27 13:47:00-04:00,520.27,520.3475,520.24,520.3,31444,,
2024-03-27 13:48:00-04:00,520.32,520.3399,520.28,520.31,30665,,
2024-03-27 13:49:00-04:00,520.34,520.38,520.27,520.29,32186,,
2024-03-27 13:50:00-04:00,520.29,520.3,520.19,520.23,28430,,
2024-03-27 13:51:00-04:00,520.23,520.23,520.13,520.16,52347,,
2024-03-27 13:52:00-04:00,520.16,520.21,520.094,520.195,44330,,
2024-03-27 13:53:00-04:00,520.195,520.215,520.16,520.19,29006,,
2024-03-27 13:54:00-04:00,520.2,520.24,520.13,520.13,38507,,
2024-03-27 13:55:00-04:00,520.13,520.2399,520.13,520.2399,38691,,
2024-03-27 13:56:00-04:00,520.2332,520.28,520.182,520.23,30796,,
2024-03-27 13:57:00-04:00,520.23,520.25,520.16,520.17,27180,,
2024-03-27 13:58:00-04:00,520.165,520.2,520.13,520.18,28036,,
2024-03-27 13:59:00-04:00,520.19,520.2199,520.15,520.175,31953,,
2024-03-27 14:00:00-04:00,520.18,520.19,520.08,520.094,55193,,
2024-03-27 14:01:00-04:00,520.1079,520.27,520.1079,520.24,53519,,
2024-03-27 14:02:00-04:00,520.2333,520.245,520.105,520.125,41324,,
2024-03-27 14:03:00-04:00,520.125,520.145,520.08,520.13,41343,,
2024-03-27 14:04:00-04:00,520.12,520.155,520.081,520.1,38184,,
2024-03-27 14:05:00-04:00,520.09,520.13,520.055,520.1298,58287,,
2024-03-27 14:06:00-04:00,520.13,520.14,520.05,520.08,48331,,
2024-03-27 14:07:00-04:00,520.074,520.105,520.03,520.055,74998,,
2024-03-27 14:08:00-04:00,520.055,520.11,520.02,520.105,87017,,
2024-03-27 14:09:00-04:00,520.11,520.21,520.11,520.156,93739,,
2024-03-27 14:10:00-04:00,520.16,520.17,520.07,520.095,43119,,
2024-03-27 14:11:00-04:00,520.08,520.16,520.05,520.16,48094,,
2024-03-27 14:12:00-04:00,520.16,520.16,520.06,520.13,51327,,
2024-03-27 14:13:00-04:00,520.1295,520.28,520.12,520.245,59617,,
2024-03-27 14:14:00-04:00,520.245,520.355,520.24,520.355,81184,,
2024-03-27 14:15:00-04:00,520.3531,520.39,520.294,520.36,79304,,
2024-03-27 14:16:00-04:00,520.37,520.44,520.3588,520.43,66889,,
2024-03-27 14:17:00-04:00,520.4201,520.62,520.42,520.57,174559,,
2024-03-27 14:18:00-04:00,520.575,520.68,520.555,520.63,105990,,
2024-03-27 14:19:00-04:00,520.63,520.715,520.585,520.61,107113,,
2024-03-27 14:20:00-04:00,520.61,520.69,520.6,520.63,77011,,
2024-03-27 14:21:00-04:00,520.63,520.75,520.62,520.7401,89719,,
2024-03-27 14:22:00-04:00,520.74,520.82,520.6803,520.75,610138,,
2024-03-27 14:23:00-04:00,520.746,520.8,520.73,520.795,73184,,
2024-03-27 14:24:00-04:00,520.795,520.8,520.698,520.7003,92292,,
2024-03-27 14:25:00-04:00,520.705,520.83,520.7,520.8178,110570,,
2024-03-27 14:26:00-04:00,520.81,520.91,520.7801,520.8103,92642,,
2024-03-27 14:27:00-04:00,520.81,520.87,520.8002,520.82,69170,,
2024-03-27 14:28:00-04:00,520.82,520.85,520.775,520.82,54140,,
2024-03-27 14:29:00-04:00,520.82,520.84,520.785,520.84,57628,,
2024-03-27 14:30:00-04:00,520.8401,520.98,520.8401,520.885,98065,,
2024-03-27 14:31:00-04:00,520.89,520.925,520.855,520.89,52272,,
2024-03-27 14:32:00-04:00,520.89,520.925,520.8,520.84,144933,,
2024-03-27 14:33:00-04:00,520.84,520.84,520.7,520.72,108191,,
2024-03-27 14:34:00-04:00,520.71,520.725,520.59,520.61,135561,,
2024-03-27 14:35:00-04:00,520.605,520.61,520.47,520.54,112471,,
2024-03-27 14:36:00-04:00,520.53,520.57,520.47,520.5599,85734,,
2024-03-27 14:37:00-04:00,520.555,520.555,520.445,520.505,75057,,
2024-03-27 14:38:00-04:00,520.505,520.54,520.4601,520.5,50520,,
2024-03-27 14:39:00-04:00,520.5099,520.52,520.44,520.46,59835,,
2024-03-27 14:40:00-04:00,520.455,520.53,520.41,520.524,67474,,
2024-03-27 14:41:00-04:00,520.525,520.58,520.49,520.57,59439,,
2024-03-27 14:42:00-04:00,520.58,520.5901,520.53,520.55,60549,,
2024-03-27 14:43:00-04:00,520.54,520.585,520.445,520.5,59670,,
2024-03-27 14:44:00-04:00,520.49,520.61,520.475,520.545,60333,,
2024-03-27 14:45:00-04:00,520.54,520.585,520.475,520.525,111042,,
2024-03-27 14:46:00-04:00,520.52,520.63,520.52,520.57,72244,,
2024-03-27 14:47:00-04:00,520.57,520.59,520.52,520.56,54089,,
2024-03-27 14:48:00-04:00,520.56,520.57,520.42,520.45,336083,,
2024-03-27 14:49:00-04:00,520.444,520.444,520.28,520.3699,148792,,
2024-03-27 14:50:00-04:00,520.36,520.385,520.29,520.36,59777,,
2024-03-27 14:51:00-04:00,520.365,520.4,520.35,520.36,32733,,
2024-03-27 14:52:00-04:00,520.37,520.38,520.3001,520.32,59549,,
2024-03-27 14:53:00-04:00,520.31,520.38,520.29,520.3701,64662,,
2024-03-27 14:54:00-04:00,520.37,520.374,520.205,520.265,111962,,
2024-03-27 14:55:00-04:00,520.27,520.27,520.14,520.1599,93993,,
2024-03-27 14:56:00-04:00,520.16,520.23,520.145,520.21,313321,,
2024-03-27 14:57:00-04:00,520.21,520.32,520.195,520.29,82342,,
2024-03-27 14:58:00-04:00,520.285,520.32,520.2,520.31,304531,,
2024-03-27 14:59:00-04:00,520.31,520.317,520.2599,520.27,285941,,
2024-03-27 15:00:00-04:00,520.27,520.38,520.25,520.33,80525,,
2024-03-27 15:01:00-04:00,520.33,520.4399,520.28,520.41,72417,,
2024-03-27 15:02:00-04:00,520.41,520.45,520.325,520.35,62547,,
2024-03-27 15:03:00-04:00,520.35,520.476,520.35,520.45,60248,,
2024-03-27 15:04:00-04:00,520.45,520.53,520.428,520.428,99511,,
2024-03-27 15:05:00-04:00,520.43,520.47,520.38,520.44,144604,,
2024-03-27 15:06:00-04:00,520.44,520.575,520.43,520.531,66186,,
2024-03-27 15:07:00-04:00,520.53,520.6,520.53,520.57,79553,,
2024-03-27 15:08:00-04:00,520.56,520.615,520.5,520.5,328252,,
2024-03-27 15:09:00-04:00,520.51,520.51,520.3001,520.3299,372416,,
2024-03-27 15:10:00-04:00,520.33,520.34,519.97,520.01,255150,,
2024-03-27 15:11:00-04:00,520.0188,520.09,519.92,519.98,112937,,
2024-03-27 15:12:00-04:00,519.985,520.0669,519.931,520.015,149593,,
2024-03-27 15:13:00-04:00,520.014,520.155,520.01,520.1299,67030,,
2024-03-27 15:14:00-04:00,520.11,520.21,520.11,520.14,320822,,
2024-03-27 15:15:00-04:00,520.135,520.15,520.04,520.095,57174,,
2024-03-27 15:16:00-04:00,520.1,520.16,519.9733,520.0,339729,,
2024-03-27 15:17:00-04:00,520.0,520.05,519.95,520.03,65533,,
2024-03-27 15:18:00-04:00,520.0181,520.0395,519.84,519.89,95913,,
2024-03-27 15:19:00-04:00,519.9,519.9808,519.8999,519.97,318739,,
2024-03-27 15:20:00-04:00,519.98,520.06,519.915,520.01,112715,,
2024-03-27 15:21:00-04:00,520.01,520.17,519.985,520.14,131420,,
2024-03-27 15:22:00-04:00,520.1485,520.22,520.13,520.19,137336,,
2024-03-27 15:23:00-04:00,520.1925,520.4,520.185,520.38,153092,,
2024-03-27 15:24:00-04:00,520.37,520.51,520.33,520.5005,160129,,
2024-03-27 15:25:00-04:00,520.52,520.545,520.43,520.47,386006,,
2024-03-27 15:26:00-04:00,520.47,520.48,520.3288,520.4,376720,,
2024-03-27 15:27:00-04:00,520.41,520.62,520.35,520.62,362782,,
2024-03-27 15:28:00-04:00,520.615,521.05,520.61,520.89,315332,,
2024-03-27 15:29:00-04:00,520.89,520.95,520.76,520.9,294149,,
2024-03-27 15:30:00-04:00,520.895,520.9242,520.767,520.79,458732,,
2024-03-27 15:31:00-04:00,520.8,520.94,520.7887,520.93,482573,,
2024-03-27 15:32:00-04:00,520.935,521.12,520.93,521.11,498775,,
2024-03-27 15:33:00-04:00,521.11,521.225,521.105,521.16,262709,,
2024-03-27 15:34:00-04:00,521.16,521.17,521.05,521.05,231008,,
2024-03-27 15:35:00-04:00,521.05,521.25,521.0488,521.225,192838,,
2024-03-27 15:36:00-04:00,521.23,521.45,521.23,521.36,701463,,
2024-03-27 15:37:00-04:00,521.37,521.425,521.33,521.42,543692,,
2024-03-27 15:38:00-04:00,521.42,521.6902,521.42,521.69,546978,,
2024-03-27 15:39:00-04:00,521.7,522.06,521.665,521.98,463639,,
2024-03-27 15:40:00-04:00,521.98,522.056,521.92,521.99,444909,,
2024-03-27 15:41:00-04:00,521.98,522.28,521.95,522.18,479553,,
2024-03-27 15:42:00-04:00,522.18,522.31,522.09,522.12,341001,,
2024-03-27 15:43:00-04:00,522.116,522.225,522.1,522.2,496122,,
2024-03-27 15:44:00-04:00,522.195,522.48,522.19,522.4,588068,,
2024-03-27 15:45:00-04:00,522.39,522.53,522.32,522.32,1291970,,
2024-03-27 15:46:00-04:00,522.32,522.35,522.0,522.22,799520,,
2024-03-27 15:47:00-04:00,522.21,522.345,522.09,522.1716,747780,,
2024-03-27 15:48:00-04:00,522.18,522.32,522.12,522.32,757157,,
2024-03-27 15:49:00-04:00,522.32,522.37,522.14,522.1501,811005,,
2024-03-27 15:50:00-04:00,522.16,522.655,522.09,522.65,768723,,
2024-03-27 15:51:00-04:00,522.645,522.77,522.51,522.59,1169297,,
2024-03-27 15:52:00-04:00,522.595,522.66,522.295,522.505,1304796,,
2024-03-27 15:53:00-04:00,522.5,522.63,522.42,522.57,1097210,,
2024-03-27 15:54:00-04:00,522.575,522.89,522.57,522.8,983099,,
2024-03-27 15:55:00-04:00,522.8,522.8,522.46,522.67,848176,,
2024-03-27 15:56:00-04:00,522.68,522.795,522.59,522.76,731494,,
2024-03-27 15:57:00-04:00,522.755,522.81,522.67,522.74,1179810,,
2024-03-27 15:58:00-04:00,522.74,522.96,522.67,522.92,1879025,,
2024-03-27 15:59:00-04:00,522.93,523.2,522.705,523.17,3026391,,
2024-03-27 16:00:00-04:00,523.17,523.33,522.97,523.15,2876053,,
2024-03-28 09:30:00-04:00,523.21,523.27,522.96,523.06,417374,,
2024-03-28 09:31:00-04:00,523.07,523.11,522.86,522.94,165535,,
2024-03-28 09:32:00-04:00,522.925,522.95,522.85,522.9399,192829,,
2024-03-28 09:33:00-04:00,522.94,522.98,522.84,522.905,118783,,
2024-03-28 09:34:00-04:00,522.91,523.02,522.9,523.01,104874,,
2024-03-28 09:35:00-04:00,523.02,523.02,522.85,522.91,155286,,
2024-03-28 09:36:00-04:00,522.905,522.96,522.84,522.9,92439,,
2024-03-28 09:37:00-04:00,522.9,522.91,522.78,522.84,109505,,
2024-03-28 09:38:00-04:00,522.85,523.06,522.805,523.04,141233,,
2024-03-28 09:39:00-04:00,523.04,523.11,522.91,522.93,122176,,
2024-03-28 09:40:00-04:00,522.935,523.16,522.88,523.12,150050,,
2024-03-28 09:41:00-04:00,523.12,523.26,523.09,523.17,93477,,
2024-03-28 09:42:00-04:00,523.19,523.336,523.18,523.27,127109,,
2024-03-28 09:43:00-04:00,523.27,523.275,523.14,523.15,68783,,
2024-03-28 09:44:00-04:00,523.2,523.28,523.16,523.25,57324,,
2024-03-28 09:45:00-04:00,523.28,523.4997,523.22,523.478,200796,,
2024-03-28 09:46:00-04:00,523.46,523.53,523.4,523.48,166704,,
2024-03-28 09:47:00-04:00,523.48,523.6707,523.48,523.64,398771,,
2024-03-28 09:48:00-04:00,523.62,523.66,523.34,523.39,122211,,
2024-03-28 09:49:00-04:00,523.38,523.4559,523.35,523.35,45808,,
2024-03-28 09:50:00-04:00,523.35,523.46,523.33,523.41,63109,,
2024-03-28 09:51:00-04:00,523.42,523.46,523.37,523.43,54543,,
2024-03-28 09:52:00-04:00,523.43,523.47,523.405,523.44,565473,,
2024-03-28 09:53:00-04:00,523.44,523.51,523.37,523.4201,103047,,
2024-03-28 09:54:00-04:00,523.43,523.46,523.325,523.365,84593,,
2024-03-28 09:55:00-04:00,523.37,523.45,523.345,523.41,74015,,
2024-03-28 09:56:00-04:00,523.41,523.42,523.305,523.38,73754,,
2024-03-28 09:57:00-04:00,523.38,523.4,523.27,523.28,90605,,
2024-03-28 09:58:00-04:00,523.3,523.31,523.16,523.24,94720,,
2024-03-28 09:59:00-04:00,523.235,523.27,522.8,523.24,170138,,
2024-03-28 10:00:00-04:00,523.25,523.48,523.25,523.39,445770,,
2024-03-28 10:01:00-04:00,523.42,523.68,523.41,523.485,464675,,
2024-03-28 10:02:00-04:00,523.49,523.64,523.45,523.63,138927,,
2024-03-28 10:03:00-04:00,523.63,523.655,523.56,523.61,336429,,
2024-03-28 10:04:00-04:00,523.62,523.73,523.585,523.63,129461,,
2024-03-28 10:05:00-04:00,523.64,523.655,523.45,523.47,122125,,
2024-03-28 10:06:00-04:00,523.48,523.545,523.395,523.48,592545,,
2024-03-28 10:07:00-04:00,523.49,523.56,523.44,523.45,374302,,
2024-03-28 10:08:00-04:00,523.455,523.4699,523.255,523.3,146434,,
2024-03-28 10:09:00-04:00,523.28,523.3,523.175,523.25,167700,,
2024-03-28 10:10:00-04:00,523.2592,523.27,523.13,523.2199,353232,,
2024-03-28 10:11:00-04:00,523.21,523.3,523.18,523.2,99644,,
2024-03-28 10:12:00-04:00,523.21,523.255,523.045,523.055,419747,,
2024-03-28 10:13:00-04:00,523.05,523.1,522.95,523.08,501152,,
2024-03-28 10:14:00-04:00,523.08,523.1999,523.025,523.16,175232,,
2024-03-28 10:15:00-04:00,523.15,523.22,523.09,523.2,109657,,
2024-03-28 10:16:00-04:00,523.2075,523.3,523.0925,523.11,105237,,
2024-03-28 10:17:00-04:00,523.105,523.16,523.05,523.09,190132,,
2024-03-28 10:18:00-04:00,523.09,523.1,523.0,523.0787,425588,,
2024-03-28 10:19:00-04:00,523.0799,523.179,523.075,523.115,46772,,
2024-03-28 10:20:00-04:00,523.11,523.11,523.0,523.06,78895,,
2024-03-28 10:21:00-04:00,523.06,523.17,522.98,522.9889,142399,,
2024-03-28 10:22:00-04:00,523.0,523.07,522.93,523.02,138384,,
2024-03-28 10:23:00-04:00,523.04,523.07,522.99,523.04,212471,,
2024-03-28 10:24:00-04:00,523.02,523.1,523.015,523.045,94875,,
2024-03-28 10:25:00-04:00,523.06,523.17,523.04,523.1601,58736,,
2024-03-28 10:26:00-04:00,523.17,523.1701,523.09,523.135,56969,,
2024-03-28 10:27:00-04:00,523.14,523.19,523.0999,523.19,54292,,
2024-03-28 10:28:00-04:00,523.19,523.325,523.18,523.2899,95217,,
2024-03-28 10:29:00-04:00,523.29,523.29,523.13,523.15,79217,,
2024-03-28 10:30:00-04:00,523.15,523.26,523.13,523.23,87633,,
2024-03-28 10:31:00-04:00,523.235,523.27,523.14,523.18,93292,,
2024-03-28 10:32:00-04:00,523.17,523.19,523.04,523.11,70376,,
2024-03-28 10:33:00-04:00,523.114,523.23,523.11,523.22,726432,,
2024-03-28 10:34:00-04:00,523.22,523.3,523.215,523.25,108423,,
2024-03-28 10:35:00-04:00,523.25,523.39,523.25,523.37,487782,,
2024-03-28 10:36:00-04:00,523.37,523.435,523.315,523.435,80769,,
2024-03-28 10:37:00-04:00,523.43,523.46,523.365,523.435,55484,,
2024-03-28 10:38:00-04:00,523.43,523.43,523.295,523.35,75952,,
2024-03-28 10:39:00-04:00,523.36,523.41,523.32,523.35,112604,,
2024-03-28 10:40:00-04:00,523.35,523.385,523.2906,523.315,273587,,
2024-03-28 10:41:00-04:00,523.31,523.31,523.17,523.2999,97009,,
2024-03-28 10:42:00-04:00,523.295,523.325,523.24,523.31,67512,,
2024-03-28 10:43:00-04:00,523.3,523.4199,523.29,523.4,48342,,
2024-03-28 10:44:00-04:00,523.41,523.48,523.41,523.42,68080,,
2024-03-28 10:45:00-04:00,523.425,523.475,523.38,523.39,54754,,
2024-03-28 10:46:00-04:00,523.39,523.415,523.28,523.36,114824,,
2024-03-28 10:47:00-04:00,523.3613,523.41,523.2701,523.2719,323310,,
2024-03-28 10:48:00-04:00,523.2773,523.33,523.27,523.3,68243,,
2024-03-28 10:49:00-04:00,523.305,523.435,523.27,523.355,114716,,
2024-03-28 10:50:00-04:00,523.36,523.5,523.355,523.48,194339,,
2024-03-28 10:51:00-04:00,523.485,523.55,523.42,523.4202,131933,,
2024-03-28 10:52:00-04:00,523.42,523.43,523.36,523.42,43481,,
2024-03-28 10:53:00-04:00,523.41,523.45,523.345,523.39,66282,,
2024-03-28 10:54:00-04:00,523.38,523.47,523.38,523.445,87856,,
2024-03-28 10:55:00-04:00,523.45,523.52,523.415,523.49,61381,,
2024-03-28 10:56:00-04:00,523.49,523.52,523.42,523.44,72009,,
2024-03-28 10:57:00-04:00,523.43,523.46,523.405,523.41,29275,,
2024-03-28 10:58:00-04:00,523.41,523.45,523.4,523.44,28639,,
2024-03-28 10:59:00-04:00,523.43,523.45,523.4,523.43,45535,,
2024-03-28 11:00:00-04:00,523.42,523.525,523.42,523.48,86604,,
2024-03-28 11:01:00-04:00,523.49,523.5,523.4,523.43,49112,,
2024-03-28 11:02:00-04:00,523.4397,523.46,523.35,523.36,77263,,
2024-03-28 11:03:00-04:00,523.35,523.35,523.27,523.31,55111,,
2024-03-28 11:04:00-04:00,523.31,523.4301,523.31,523.43,49192,,
2024-03-28 11:05:00-04:00,523.43,523.6,523.43,523.575,76319,,
2024-03-28 11:06:00-04:00,523.575,523.6,523.39,523.395,360780,,
2024-03-28 11:07:00-04:00,523.395,523.41,523.175,523.25,125048,,
2024-03-28 11:08:00-04:00,523.255,523.2872,523.17,523.24,141998,,
2024-03-28 11:09:00-04:00,523.22,523.3,523.22,523.275,68295,,
2024-03-28 11:10:00-04:00,523.27,523.27,523.175,523.1901,155115,,
2024-03-28 11:11:00-04:00,523.2,523.26,523.17,523.17,93496,,
2024-03-28 11:12:00-04:00,523.17,523.23,523.16,523.23,93472,,
2024-03-28 11:13:00-04:00,523.23,523.35,523.21,523.34,617162,,
2024-03-28 11:14:00-04:00,523.34,523.42,523.26,523.405,127269,,
2024-03-28 11:15:00-04:00,523.41,523.49,523.39,523.4699,635660,,
2024-03-28 11:16:00-04:00,523.47,523.5087,523.46,523.5,84268,,
2024-03-28 11:17:00-04:00,523.5099,523.535,523.385,523.5176,88877,,
2024-03-28 11:18:00-04:00,523.51,523.5387,523.48,523.5,873958,,
2024-03-28 11:19:00-04:00,523.5,523.61,523.49,523.56,629973,,
2024-03-28 11:20:00-04:00,523.56,523.57,523.5,523.53,65293,,
2024-03-28 11:21:00-04:00,523.53,523.53,523.46,523.465,296917,,
2024-03-28 11:22:00-04:00,523.46,523.58,523.44,523.55,328434,,
2024-03-28 11:23:00-04:00,523.55,523.57,523.501,523.53,49726,,
2024-03-28 11:24:00-04:00,523.53,523.565,523.52,523.56,49658,,
2024-03-28 11:25:00-04:00,523.56,523.63,523.555,523.5801,73687,,
2024-03-28 11:26:00-04:00,523.59,523.61,523.555,523.56,52246,,
2024-03-28 11:27:00-04:00,523.56,523.57,523.48,523.485,329640,,
2024-03-28 11:28:00-04:00,523.488,523.6,523.47,523.56,60816,,
2024-03-28 11:29:00-04:00,523.56,523.6,523.535,523.57,36857,,
2024-03-28 11:30:00-04:00,523.5799,523.63,523.5551,523.6199,85513,,
2024-03-28 11:31:00-04:00,523.62,523.685,523.6,523.6799,71144,,
2024-03-28 11:32:00-04:00,523.675,523.73,523.625,523.63,119215,,
2024-03-28 11:33:00-04:00,523.63,523.63,523.52,523.59,354021,,
2024-03-28 11:34:00-04:00,523.59,523.59,523.46,523.52,334217,,
2024-03-28 11:35:00-04:00,523.515,523.5189,523.4299,523.475,82000,,
2024-03-28 11:36:00-04:00,523.47,523.475,523.37,523.415,116846,,
2024-03-28 11:37:00-04:00,523.43,523.49,523.425,523.455,144635,,
2024-03-28 11:38:00-04:00,523.45,523.455,523.39,523.425,54147,,
2024-03-28 11:39:00-04:00,523.43,523.44,523.2927,523.34,77163,,
2024-03-28 11:40:00-04:00,523.3482,523.44,523.335,523.43,53661,,
2024-03-28 11:41:00-04:00,523.44,523.44,523.32,523.44,73863,,
2024-03-28 11:42:00-04:00,523.445,523.46,523.405,523.42,313703,,
2024-03-28 11:43:00-04:00,523.425,523.44,523.4001,523.41,43330,,
2024-03-28 11:44:00-04:00,523.41,523.42,523.3,523.3,52931,,
2024-03-28 11:45:00-04:00,523.31,523.33,523.25,523.32,67635,,
2024-03-28 11:46:00-04:00,523.32,523.36,523.275,523.33,49824,,
2024-03-28 11:47:00-04:00,523.33,523.34,523.3,523.33,40088,,
2024-03-28 11:48:00-04:00,523.34,523.5,523.34,523.5,827266,,
2024-03-28 11:49:00-04:00,523.495,523.57,523.475,523.55,955573,,
2024-03-28 11:50:00-04:00,523.55,523.57,523.475,523.48,51463,,
2024-03-28 11:51:00-04:00,523.48,523.575,523.48,523.55,54205,,
2024-03-28 11:52:00-04:00,523.56,523.6299,523.56,523.6,73061,,
2024-03-28 11:53:00-04:00,523.61,523.626,523.55,523.56,57882,,
2024-03-28 11:54:00-04:00,523.56,523.6,523.55,523.5804,42103,,
2024-03-28 11:55:00-04:00,523.58,523.6,523.56,523.57,53015,,
2024-03-28 11:56:00-04:00,523.565,523.575,523.48,523.5,99878,,
2024-03-28 11:57:00-04:00,523.495,523.5599,523.49,523.545,45947,,
2024-03-28 11:58:00-04:00,523.55,523.62,523.55,523.61,32292,,
2024-03-28 11:59:00-04:00,523.61,523.61,523.56,523.59,33562,,
2024-03-28 12:00:00-04:00,523.59,523.6,523.52,523.53,64611,,
2024-03-28 12:01:00-04:00,523.535,523.5899,523.475,523.48,307799,,
2024-03-28 12:02:00-04:00,523.485,523.54,523.46,523.49,50574,,
2024-03-28 12:03:00-04:00,523.49,523.5,523.45,523.45,35967,,
2024-03-28 12:04:00-04:00,523.45,523.49,523.43,523.485,50192,,
2024-03-28 12:05:00-04:00,523.485,523.49,523.38,523.42,113891,,
2024-03-28 12:06:00-04:00,523.43,523.45,523.19,523.249,133716,,
2024-03-28 12:07:00-04:00,523.2498,523.3083,523.2,523.3,91061,,
2024-03-28 12:08:00-04:00,523.3,523.355,523.27,523.32,344154,,
2024-03-28 12:09:00-04:00,523.33,523.4,523.295,523.325,123538,,
2024-03-28 12:10:00-04:00,523.32,523.37,523.285,523.3,50858,,
2024-03-28 12:11:00-04:00,523.3,523.38,523.3,523.35,597143,,
2024-03-28 12:12:00-04:00,523.345,523.385,523.32,523.35,46642,,
2024-03-28 12:13:00-04:00,523.36,523.43,523.34,523.415,61939,,
2024-03-28 12:14:00-04:00,523.39,523.395,523.325,523.34,46794,,
2024-03-28 12:15:00-04:00,523.35,523.365,523.26,523.365,316643,,
2024-03-28 12:16:00-04:00,523.36,523.37,523.26,523.34,251663,,
2024-03-28 12:17:00-04:00,523.34,523.415,523.33,523.395,192625,,
2024-03-28 12:18:00-04:00,523.39,523.39,523.275,523.275,60799,,
2024-03-28 12:19:00-04:00,523.275,523.295,523.245,523.245,72235,,
2024-03-28 12:20:00-04:00,523.245,523.34,523.245,523.34,52502,,
2024-03-28 12:21:00-04:00,523.335,523.34,523.29,523.335,40888,,
2024-03-28 12:22:00-04:00,523.34,523.3597,523.14,523.1799,83674,,
2024-03-28 12:23:00-04:00,523.175,523.26,523.175,523.21,69739,,
2024-03-28 12:24:00-04:00,523.22,523.24,523.19,523.21,43850,,
2024-03-28 12:25:00-04:00,523.2001,523.225,523.18,523.215,76374,,
2024-03-28 12:26:00-04:00,523.215,523.42,523.16,523.375,157082,,
2024-03-28 12:27:00-04:00,523.375,523.44,523.33,523.34,90400,,
2024-03-28 12:28:00-04:00,523.34,523.37,523.3,523.364,60232,,
2024-03-28 12:29:00-04:00,523.365,523.47,523.34,523.47,64285,,
2024-03-28 12:30:00-04:00,523.47,523.48,523.25,523.26,76994,,
2024-03-28 12:31:00-04:00,523.26,523.28,523.115,523.15,215434,,
2024-03-28 12:32:00-04:00,523.155,523.21,523.105,523.19,71891,,
2024-03-28 12:33:00-04:00,523.195,523.27,523.19,523.21,57260,,
2024-03-28 12:34:00-04:00,523.215,523.23,523.16,523.19,315783,,
2024-03-28 12:35:00-04:00,523.195,523.195,523.11,523.1699,332774,,
2024-03-28 12:36:00-04:00,523.17,523.25,523.1401,523.17,88809,,
2024-03-28 12:37:00-04:00,523.18,523.3,523.17,523.26,79929,,
2024-03-28 12:38:00-04:00,523.265,523.28,523.12,523.215,397127,,
2024-03-28 12:39:00-04:00,523.21,523.2401,523.12,523.2201,109362,,
2024-03-28 12:40:00-04:00,523.21,523.21,523.14,523.16,311746,,
2024-03-28 12:41:00-04:00,523.165,523.27,523.15,523.195,88309,,
2024-03-28 12:42:00-04:00,523.19,523.33,523.17,523.3,133559,,
2024-03-28 12:43:00-04:00,523.2927,523.335,523.215,523.23,108333,,
2024-03-28 12:44:00-04:00,523.24,523.3,523.19,523.195,136849,,
2024-03-28 12:45:00-04:00,523.2,523.21,523.08,523.15,160528,,
2024-03-28 12:46:00-04:00,523.1301,523.305,523.1301,523.28,93534,,
2024-03-28 12:47:00-04:00,523.27,523.3,523.21,523.27,46135,,
2024-03-28 12:48:00-04:00,523.27,523.28,523.21,523.25,42953,,
2024-03-28 12:49:00-04:00,523.2597,523.2597,523.18,523.2,76036,,
2024-03-28 12:50:00-04:00,523.205,523.31,523.17,523.2917,114945,,
2024-03-28 12:51:00-04:00,523.3,523.31,523.233,523.29,48810,,
2024-03-28 12:52:00-04:00,523.29,523.3,523.13,523.19,88689,,
2024-03-28 12:53:00-04:00,523.19,523.255,523.178,523.235,41032,,
2024-03-28 12:54:00-04:00,523.23,523.31,523.23,523.31,80187,,
2024-03-28 12:55:00-04:00,523.31,523.37,523.28,523.28,136264,,
2024-03-28 12:56:00-04:00,523.28,523.29,523.2,523.25,65650,,
2024-03-28 12:57:00-04:00,523.25,523.27,523.21,523.235,41200,,
2024-03-28 12:58:00-04:00,523.23,523.23,523.12,523.191,79142,,
2024-03-28 12:59:00-04:00,523.2,523.37,523.18,523.35,118918,,
2024-03-28 13:00:00-04:00,523.35,523.35,523.19,523.21,89103,,
2024-03-28 13:01:00-04:00,523.2,523.2001,523.12,523.145,97101,,
2024-03-28 13:02:00-04:00,523.15,523.22,523.06,523.22,105731,,
2024-03-28 13:03:00-04:00,523.21,523.31,523.17,523.3,57464,,
2024-03-28 13:04:00-04:00,523.305,523.305,523.23,523.244,55967,,
2024-03-28 13:05:00-04:00,523.24,523.44,523.24,523.44,97199,,
